{
  "numTotalTestSuites": 1,
  "numPassedTestSuites": 1,
  "numFailedTestSuites": 0,
  "numPendingTestSuites": 0,
  "numTotalTests": 2,
  "numPassedTests": 2,
  "numFailedTests": 0,
  "numPendingTests": 0,
  "numTodoTests": 0,
  "startTime": 1719937093487,
  "success": true,
  "testResults": [
    {
      "assertionResults": [
        {
          "ancestorTitles": [
            ""
          ],
          "fullName": " Yorumlar componenti çalışır hale getirilmiş.",
          "status": "passed",
          "title": "Yorumlar componenti çalışır hale getirilmiş.",
          "duration": 104,
          "failureMessages": []
        },
        {
          "ancestorTitles": [
            ""
          ],
          "fullName": " Yorumlar doğru şekilde ekrana geliyor",
          "status": "passed",
          "title": "Yorumlar doğru şekilde ekrana geliyor",
          "duration": 22,
          "failureMessages": []
        }
      ],
      "startTime": 1719951984404,
      "endTime": 1719951984530,
      "status": "passed",
      "message": "",
      "name": "/home/projects/vitejs-vite-ncuvxr/src/__tests__/index.test.jsx"
    }
  ]
}